4337401592	4337498128	4337573544	4337566784
4337401592	4337498128	4337573112	4337566864
4337401592	4337401768	4337573544	4337566784
4337566864	4337566784	4337573112	4337566784
4337566944	4337401768	4337573544	4337566784
4337401768	4337401592	4337573112	4337401592
4337401592	4337498128	4337573544	4337566864
4337401592	4337498128	4337573112	4337401768
4337401768	4337401592	4337573544	4337566784
4337566864	4337401592	4337573112	4337566784
4337401592	4337401768	4337573544	4337401768
4337401768	4337498128	4337573112	4337566944
4337401768	4337498128	4337573544	4337401592
4337401592	4337401768	4337573112	4337566784
4337566944	4337401768	4337573544	4337566784
4337401768	4337401592	4337573112	4337401592
4337401592	4337498128	4337573544	4337566864
4337401592	4337498128	4337573112	4337401768
4337401768	4337401592	4337573544	4337566784
4337566864	4337566784	4337573112	4337566944
4337401592	4337401768	4337573544	4337580936
4337401768	4337567024	4337573112	4337536192
4337401768	4337566944	4337573544	4337567024
4337401768	4337566784	4337573112	4337567024
4337401768	4337566944	4337573544	4337567024
4337401768	4337566784	4337573112	4337567024
4337401768	4337566944	4337573544	4337567024
4337401768	4337566784	4337573112	4337567024
4337401768	4337566944	4337573544	4337567024
4337401768	4337566784	4337573112	4337567024
4337401768	4337566944	4337573544	4337567024
4337401768	4337566784	4337573112	4337567024
4337401768	4337566944	4337573544	4337567024
4337401768	4337566784	4337573112	4337567024
4337401768	4337566944	4337573544	4337567024
4337401768	4337566784	4337573112	4337567024
4337401768	4337566944	4337573544	4337567024
4337401768	4337573584	4337573112	4337566784
4337401768	4337567024	4337573544	4337542736
4337401768	4337401592	4337573112	4337580936
4337401592	4337566944	4337573544	4337567024
4337401592	4337566784	4337573112	4337401768
4337401768	4337401592	4337573544	4337401592
4337401592	4337498128	4337573112	4337401768
4337401768	4337498128	4337573544	4337567024
4337401768	4337401592	4337573112	4337580936
4337401592	4337566784	4337573544	4337401768
4337401768	4337401592	4337573112	4337567024
4337401592	4337401768	4337573544	4337566784
4337401768	4337567024	4337573112	4337401592
4337401592	4337401768	4337573544	4337580936
4337401768	4337566784	4337573112	4337567024
4337401768	4337566944	4337573544	4337567024
4337566784	4337401768	4337573112	4337573584
4337401768	4337401592	4337573544	4337567024
4337401592	4337566784	4337573112	4337567024
4337401592	4337401768	4337573544	4337527984
4337401768	4337401592	4337573112	4337566944
4337401592	4337567024	4337573544	4337566944
4337401592	4337401768	4337573112	4337536096
4337401768	4337401592	4337573544	4337401592
4337401592	4337573584	4337573112	4337566944
